<?xml version="1.0" encoding="UTF-8"?>
<project-private xmlns="http://www.netbeans.org/ns/project-private/1">
    <editor-bookmarks xmlns="http://www.netbeans.org/ns/editor-bookmarks/2" lastBookmarkId="0"/>
    <open-files xmlns="http://www.netbeans.org/ns/projectui-open-files/2">
        <group>
            <file>file:/Users/Leo/NetBeansProjects/TeamManager/TeamManager/src/teammanager/CoachView.java</file>
            <file>file:/Users/Leo/NetBeansProjects/TeamManager/TeamManager/src/teammanager/CreateFeuilleView.java</file>
            <file>file:/Users/Leo/NetBeansProjects/TeamManager/TeamManager/src/teammanager/AffJoueur.java</file>
            <file>file:/Users/Leo/NetBeansProjects/TeamManager/TeamManager/src/teammanager/CreateJoueur.java</file>
            <file>file:/Users/Leo/NetBeansProjects/TeamManager/TeamManager/src/teammanager/AffFeuille.java</file>
            <file>file:/Users/Leo/NetBeansProjects/TeamManager/TeamManager/src/teammanager/CreateCoach.java</file>
        </group>
    </open-files>
</project-private>
